分類,商品名稱,現價,原價,圖片網址,商品連結
外套,PUFFTECH 輕暖科技連帽外套,1290,1990,https://www.uniqlo.com/tw/hmall/test/u0000000053749/main/first/561/1.jpg,https://www.uniqlo.com/tw/zh_TW/product-detail.html?productCode=u0000000053749
外套,可攜式防曬連帽外套 474175,990,1290,https://www.uniqlo.com/tw/hmall/test/u0000000051630/main/first/561/1.jpg,https://www.uniqlo.com/tw/zh_TW/product-detail.html?productCode=u0000000051630
外套,工裝短版外套,1690,1990,https://www.uniqlo.com/tw/hmall/test/u0000000052679/main/first/561/1.jpg,https://www.uniqlo.com/tw/zh_TW/product-detail.html?productCode=u0000000052679
外套,工裝外套,1290,1690,https://www.uniqlo.com/tw/hmall/test/u0000000052973/main/first/561/1.jpg,https://www.uniqlo.com/tw/zh_TW/product-detail.html?productCode=u0000000052973
外套,PUFFTECH 輕暖科技外套(NANODESIGN),790,1990,https://www.uniqlo.com/tw/hmall/test/u0000000052108/main/first/561/1.jpg,https://www.uniqlo.com/tw/zh_TW/product-detail.html?productCode=u0000000052108
外套,無縫羽絨連帽外套(NANODESIGN),2990,3490,https://www.uniqlo.com/tw/hmall/test/u0000000052104/main/first/561/1.jpg,https://www.uniqlo.com/tw/zh_TW/product-detail.html?productCode=u0000000052104
外套,PUFFTECH 輕暖科技無領外套,990,1990,https://www.uniqlo.com/tw/hmall/test/u0000000052682/main/first/561/1.jpg,https://www.uniqlo.com/tw/zh_TW/product-detail.html?productCode=u0000000052682
外套,工裝短版牛仔外套,1690,1990,https://www.uniqlo.com/tw/hmall/test/u0000000053017/main/first/561/1.jpg,https://www.uniqlo.com/tw/zh_TW/product-detail.html?productCode=u0000000053017
外套,風衣外套,2990,3490,https://www.uniqlo.com/tw/hmall/test/u0000000052770/main/first/561/1.jpg,https://www.uniqlo.com/tw/zh_TW/product-detail.html?productCode=u0000000052770
外套,Peanuts 教練外套,990,1690,https://www.uniqlo.com/tw/hmall/test/u0000000053665/main/first/561/1.jpg,https://www.uniqlo.com/tw/zh_TW/product-detail.html?productCode=u0000000053665
外套,PUFFTECH 輕暖科技布勞森外套,990,2490,https://www.uniqlo.com/tw/hmall/test/u0000000052551/main/first/561/1.jpg,https://www.uniqlo.com/tw/zh_TW/product-detail.html?productCode=u0000000052551
外套,西裝外套,1990,2990,https://www.uniqlo.com/tw/hmall/test/u0000000053571/main/first/561/1.jpg,https://www.uniqlo.com/tw/zh_TW/product-detail.html?productCode=u0000000053571
外套,無縫羽絨短大衣,2990,4990,https://www.uniqlo.com/tw/hmall/test/u0000000052312/main/first/561/1.jpg,https://www.uniqlo.com/tw/zh_TW/product-detail.html?productCode=u0000000052312
外套,工裝短大衣,1990,2990,https://www.uniqlo.com/tw/hmall/test/u0000000053576/main/first/561/1.jpg,https://www.uniqlo.com/tw/zh_TW/product-detail.html?productCode=u0000000053576
外套,防風連帽外套,1290,1690,https://www.uniqlo.com/tw/hmall/test/u0000000053535/main/first/561/1.jpg,https://www.uniqlo.com/tw/zh_TW/product-detail.html?productCode=u0000000053535
外套,無領長大衣,1990,2490,https://www.uniqlo.com/tw/hmall/test/u0000000053615/main/first/561/1.jpg,https://www.uniqlo.com/tw/zh_TW/product-detail.html?productCode=u0000000053615
外套,工裝外套(牛仔),1290,1690,https://www.uniqlo.com/tw/hmall/test/u0000000053694/main/first/561/1.jpg,https://www.uniqlo.com/tw/zh_TW/product-detail.html?productCode=u0000000053694
外套,PUFFTECH 輕暖科技無領外套(印花),990,1990,https://www.uniqlo.com/tw/hmall/test/u0000000052676/main/first/561/1.jpg,https://www.uniqlo.com/tw/zh_TW/product-detail.html?productCode=u0000000052676
外套,牛仔外套,1490,1690,https://www.uniqlo.com/tw/hmall/test/u0000000053347/main/first/561/1.jpg,https://www.uniqlo.com/tw/zh_TW/product-detail.html?productCode=u0000000053347
外套,防風立領布勞森外套 474894,790,1690,https://www.uniqlo.com/tw/hmall/test/u0000000051530/main/first/561/1.jpg,https://www.uniqlo.com/tw/zh_TW/product-detail.html?productCode=u0000000051530
外套,單排釦短大衣,1990,2490,https://www.uniqlo.com/tw/hmall/test/u0000000053157/main/first/561/1.jpg,https://www.uniqlo.com/tw/zh_TW/product-detail.html?productCode=u0000000053157
外套,AIRism防曬抗UV網眼連帽外套(長袖) 465748,790,990,https://www.uniqlo.com/tw/hmall/test/u0000000050783/main/first/561/1.jpg,https://www.uniqlo.com/tw/zh_TW/product-detail.html?productCode=u0000000050783
外套,休閒連帽外套(長袖),990,1290,https://www.uniqlo.com/tw/hmall/test/u0000000054064/main/first/561/1.jpg,https://www.uniqlo.com/tw/zh_TW/product-detail.html?productCode=u0000000054064
外套,亞麻混紡外套,1290,1490,https://www.uniqlo.com/tw/hmall/test/u0000000053466/main/first/561/1.jpg,https://www.uniqlo.com/tw/zh_TW/product-detail.html?productCode=u0000000053466
上衣,PUFFTECH 輕暖科技背心,790,1490,https://www.uniqlo.com/tw/hmall/test/u0000000052365/main/first/561/1.jpg,https://www.uniqlo.com/tw/zh_TW/product-detail.html?productCode=u0000000052365
外套,蓬鬆羽絨外套(NANODESIGN),1690,2990,https://www.uniqlo.com/tw/hmall/test/u0000000052117/main/first/561/1.jpg,https://www.uniqlo.com/tw/zh_TW/product-detail.html?productCode=u0000000052117
外套,AIRism防曬網眼印花連帽外套(長袖),790,990,https://www.uniqlo.com/tw/hmall/test/u0000000051257/main/first/561/1.jpg,https://www.uniqlo.com/tw/zh_TW/product-detail.html?productCode=u0000000051257
外套,特級彈性Active外套,590,1290,https://www.uniqlo.com/tw/hmall/test/u0000000052596/main/first/561/1.jpg,https://www.uniqlo.com/tw/zh_TW/product-detail.html?productCode=u0000000052596
外套,翻領短版外套,1290,1490,https://www.uniqlo.com/tw/hmall/test/u0000000053459/main/first/561/1.jpg,https://www.uniqlo.com/tw/zh_TW/product-detail.html?productCode=u0000000053459
外套,長刷毛外套(長袖),490,890,https://www.uniqlo.com/tw/hmall/test/u0000000052319/main/first/561/1.jpg,https://www.uniqlo.com/tw/zh_TW/product-detail.html?productCode=u0000000052319
外套,亞麻混紡條紋外套,1290,1490,https://www.uniqlo.com/tw/hmall/test/u0000000053446/main/first/561/1.jpg,https://www.uniqlo.com/tw/zh_TW/product-detail.html?productCode=u0000000053446
外套,圓領拉鍊開襟外套(長袖),790,1490,https://www.uniqlo.com/tw/hmall/test/u0000000052198/main/first/561/1.jpg,https://www.uniqlo.com/tw/zh_TW/product-detail.html?productCode=u0000000052198
外套,柔滑棉V領短版開襟外套(長袖),590,1290,https://www.uniqlo.com/tw/hmall/test/u0000000052747/main/first/561/1.jpg,https://www.uniqlo.com/tw/zh_TW/product-detail.html?productCode=u0000000052747
上衣,柔滑棉圓領針織衫(長袖),590,1290,https://www.uniqlo.com/tw/hmall/test/u0000000053849/main/first/561/1.jpg,https://www.uniqlo.com/tw/zh_TW/product-detail.html?productCode=u0000000053849
外套,米蘭羅紋襯衫式開襟外套 478550,790,1490,https://www.uniqlo.com/tw/hmall/test/u0000000053108/main/first/561/1.jpg,https://www.uniqlo.com/tw/zh_TW/product-detail.html?productCode=u0000000053108
上衣,柔滑棉條紋POLO針織衫(長袖),590,1290,https://www.uniqlo.com/tw/hmall/test/u0000000052845/main/first/561/1.jpg,https://www.uniqlo.com/tw/zh_TW/product-detail.html?productCode=u0000000052845
上衣,編織圓領針織衫(長袖),590,990,https://www.uniqlo.com/tw/hmall/test/u0000000052745/main/first/561/1.jpg,https://www.uniqlo.com/tw/zh_TW/product-detail.html?productCode=u0000000052745
上衣,柔滑棉POLO針織衫(長袖),590,1290,https://www.uniqlo.com/tw/hmall/test/u0000000052844/main/first/561/1.jpg,https://www.uniqlo.com/tw/zh_TW/product-detail.html?productCode=u0000000052844
上衣,可機洗棉質混紡圓領針織衫(長袖),390,790,https://www.uniqlo.com/tw/hmall/test/u0000000052900/main/first/561/1.jpg,https://www.uniqlo.com/tw/zh_TW/product-detail.html?productCode=u0000000052900
上衣,3D織法棉質圓領針織衫(長袖),590,990,https://www.uniqlo.com/tw/hmall/test/u0000000053003/main/first/561/1.jpg,https://www.uniqlo.com/tw/zh_TW/product-detail.html?productCode=u0000000053003
上衣,3D織法條紋棉質圓領針織衫(長袖),590,990,https://www.uniqlo.com/tw/hmall/test/u0000000052996/main/first/561/1.jpg,https://www.uniqlo.com/tw/zh_TW/product-detail.html?productCode=u0000000052996
上衣,可機洗米蘭羅紋圓領針織衫(長袖) 478548,590,990,https://www.uniqlo.com/tw/hmall/test/u0000000053930/main/first/561/1.jpg,https://www.uniqlo.com/tw/zh_TW/product-detail.html?productCode=u0000000053930
上衣,KAWS WINTER 喀什米爾圓領毛衣(長袖),1990,3490,https://www.uniqlo.com/tw/hmall/test/u0000000052811/main/first/561/1.jpg,https://www.uniqlo.com/tw/zh_TW/product-detail.html?productCode=u0000000052811
外套,喀什米爾圓領短版開襟外套(長袖),1990,2990,https://www.uniqlo.com/tw/hmall/test/u0000000052491/main/first/561/1.jpg,https://www.uniqlo.com/tw/zh_TW/product-detail.html?productCode=u0000000052491
上衣,喀什米爾圓領毛衣(長袖),1990,2990,https://www.uniqlo.com/tw/hmall/test/u0000000052114/main/first/561/1.jpg,https://www.uniqlo.com/tw/zh_TW/product-detail.html?productCode=u0000000052114
外套,柔軟舒膚針織短版開襟外套(長袖),590,990,https://www.uniqlo.com/tw/hmall/test/u0000000052335/main/first/561/1.jpg,https://www.uniqlo.com/tw/zh_TW/product-detail.html?productCode=u0000000052335
上衣,可機洗羅紋POLO針織衫(長袖) 480414,590,790,https://www.uniqlo.com/tw/hmall/test/u0000000052954/main/first/561/1.jpg,https://www.uniqlo.com/tw/zh_TW/product-detail.html?productCode=u0000000052954
上衣,可機洗羅紋POLO針織衫(長袖)(條紋),590,790,https://www.uniqlo.com/tw/hmall/test/u0000000053044/main/first/561/1.jpg,https://www.uniqlo.com/tw/zh_TW/product-detail.html?productCode=u0000000053044
上衣,可機洗羅紋POLO針織衫(長袖),590,790,https://www.uniqlo.com/tw/hmall/test/u0000000053352/main/first/561/1.jpg,https://www.uniqlo.com/tw/zh_TW/product-detail.html?productCode=u0000000053352
上衣,POLO針織衫(短袖),590,790,https://www.uniqlo.com/tw/hmall/test/u0000000054067/main/first/561/1.jpg,https://www.uniqlo.com/tw/zh_TW/product-detail.html?productCode=u0000000054067
上衣,美麗諾圓領毛衣(短袖),590,790,https://www.uniqlo.com/tw/hmall/test/u0000000051611/main/first/561/1.jpg,https://www.uniqlo.com/tw/zh_TW/product-detail.html?productCode=u0000000051611
上衣,透膚T恤(長袖),490,590,https://www.uniqlo.com/tw/hmall/test/u0000000053733/main/first/561/1.jpg,https://www.uniqlo.com/tw/zh_TW/product-detail.html?productCode=u0000000053733
上衣,彈性柔滑棉圓領T恤(長袖),290,390,https://www.uniqlo.com/tw/hmall/test/u0000000052908/main/first/561/1.jpg,https://www.uniqlo.com/tw/zh_TW/product-detail.html?productCode=u0000000052908
上衣,柔軟針織刷毛圓領T恤(長袖),290,590,https://www.uniqlo.com/tw/hmall/test/u0000000052400/main/first/561/1.jpg,https://www.uniqlo.com/tw/zh_TW/product-detail.html?productCode=u0000000052400
上衣,華夫格圓領T恤(長袖),390,590,https://www.uniqlo.com/tw/hmall/test/u0000000052991/main/first/561/1.jpg,https://www.uniqlo.com/tw/zh_TW/product-detail.html?productCode=u0000000052991
上衣,休閒上衣(長袖),590,990,https://www.uniqlo.com/tw/hmall/test/u0000000053926/main/first/561/1.jpg,https://www.uniqlo.com/tw/zh_TW/product-detail.html?productCode=u0000000053926
上衣,華夫格圓領條紋T恤(長袖),390,590,https://www.uniqlo.com/tw/hmall/test/u0000000052985/main/first/561/1.jpg,https://www.uniqlo.com/tw/zh_TW/product-detail.html?productCode=u0000000052985
上衣,AIRism棉質圓領T恤(長袖),390,590,https://www.uniqlo.com/tw/hmall/test/u0000000053924/main/first/561/1.jpg,https://www.uniqlo.com/tw/zh_TW/product-detail.html?productCode=u0000000053924
上衣,休閒連帽上衣(長袖) 479798,590,1290,https://www.uniqlo.com/tw/hmall/test/u0000000052756/main/first/561/1.jpg,https://www.uniqlo.com/tw/zh_TW/product-detail.html?productCode=u0000000052756
上衣,華夫格圓領T恤(長袖) 470127,290,590,https://www.uniqlo.com/tw/hmall/test/u0000000050289/main/first/561/1.jpg,https://www.uniqlo.com/tw/zh_TW/product-detail.html?productCode=u0000000050289
上衣,休閒連帽上衣(長袖),590,1290,https://www.uniqlo.com/tw/hmall/test/u0000000050306/main/first/561/1.jpg,https://www.uniqlo.com/tw/zh_TW/product-detail.html?productCode=u0000000050306
上衣,羅紋中高領條紋T恤(長袖),290,590,https://www.uniqlo.com/tw/hmall/test/u0000000052411/main/first/561/1.jpg,https://www.uniqlo.com/tw/zh_TW/product-detail.html?productCode=u0000000052411
上衣,AIRism棉質圓領T恤(長袖) 479781,390,590,https://www.uniqlo.com/tw/hmall/test/u0000000053185/main/first/561/1.jpg,https://www.uniqlo.com/tw/zh_TW/product-detail.html?productCode=u0000000053185
上衣,miffy 印花休閒上衣(長袖),490,790,https://www.uniqlo.com/tw/hmall/test/u0000000052791/main/first/561/1.jpg,https://www.uniqlo.com/tw/zh_TW/product-detail.html?productCode=u0000000052791
上衣,AIRism棉質寬版圓領T恤(五分袖) 484363,390,590,https://www.uniqlo.com/tw/hmall/test/u0000000053477/main/first/561/1.jpg,https://www.uniqlo.com/tw/zh_TW/product-detail.html?productCode=u0000000053477
上衣,AIRism棉質T恤(短袖),290,390,https://www.uniqlo.com/tw/hmall/test/u0000000053982/main/first/561/1.jpg,https://www.uniqlo.com/tw/zh_TW/product-detail.html?productCode=u0000000053982
上衣,SUPIMA COTTON T恤(短袖),390,590,https://www.uniqlo.com/tw/hmall/test/u0000000053974/main/first/561/1.jpg,https://www.uniqlo.com/tw/zh_TW/product-detail.html?productCode=u0000000053974
上衣,圓領T恤(短袖),290,390,https://www.uniqlo.com/tw/hmall/test/u0000000052958/main/first/561/1.jpg,https://www.uniqlo.com/tw/zh_TW/product-detail.html?productCode=u0000000052958
上衣,DRY-EX T恤(短袖),490,590,https://www.uniqlo.com/tw/hmall/test/u0000000053976/main/first/561/1.jpg,https://www.uniqlo.com/tw/zh_TW/product-detail.html?productCode=u0000000053976
上衣,圓領T恤(短袖) 465186,290,390,https://www.uniqlo.com/tw/hmall/test/u0000000051974/main/first/561/1.jpg,https://www.uniqlo.com/tw/zh_TW/product-detail.html?productCode=u0000000051974
上衣,UTme! 寶可夢特別慶典UT印花T恤,490,590,https://www.uniqlo.com/tw/hmall/test/u0000000052523/main/first/561/1.jpg,https://www.uniqlo.com/tw/zh_TW/product-detail.html?productCode=u0000000052523
其他,DRY網眼POLO衫(短袖) 465194,390,790,https://www.uniqlo.com/tw/hmall/test/u0000000050759/main/first/561/1.jpg,https://www.uniqlo.com/tw/zh_TW/product-detail.html?productCode=u0000000050759
上衣,短版條紋T恤(短袖),290,390,https://www.uniqlo.com/tw/hmall/test/u0000000051508/main/first/561/1.jpg,https://www.uniqlo.com/tw/zh_TW/product-detail.html?productCode=u0000000051508
上衣,短版條紋T恤(短袖) 476248,190,390,https://www.uniqlo.com/tw/hmall/test/u0000000050583/main/first/561/1.jpg,https://www.uniqlo.com/tw/zh_TW/product-detail.html?productCode=u0000000050583
上衣,SUPIMA COTTON圓領T恤(短袖),190,390,https://www.uniqlo.com/tw/hmall/test/u0000000050847/main/first/561/1.jpg,https://www.uniqlo.com/tw/zh_TW/product-detail.html?productCode=u0000000050847
其他,DRY網眼POLO衫(短袖)(滾邊),390,790,https://www.uniqlo.com/tw/hmall/test/u0000000050830/main/first/561/1.jpg,https://www.uniqlo.com/tw/zh_TW/product-detail.html?productCode=u0000000050830
上衣,棉質T恤(無袖),190,290,https://www.uniqlo.com/tw/hmall/test/u0000000051637/main/first/561/1.jpg,https://www.uniqlo.com/tw/zh_TW/product-detail.html?productCode=u0000000051637
上衣,BRATOP削肩短版背心,590,790,https://www.uniqlo.com/tw/hmall/test/u0000000053975/main/first/561/1.jpg,https://www.uniqlo.com/tw/zh_TW/product-detail.html?productCode=u0000000053975
上衣,BRATOP削肩短版背心(撞色滾邊),590,790,https://www.uniqlo.com/tw/hmall/test/u0000000053973/main/first/561/1.jpg,https://www.uniqlo.com/tw/zh_TW/product-detail.html?productCode=u0000000053973
上衣,BRATOP削肩短版背心(滾邊),590,790,https://www.uniqlo.com/tw/hmall/test/u0000000053632/main/first/561/1.jpg,https://www.uniqlo.com/tw/zh_TW/product-detail.html?productCode=u0000000053632
上衣,露背繞頸BRATOP背心(條紋),390,790,https://www.uniqlo.com/tw/hmall/test/u0000000051289/main/first/561/1.jpg,https://www.uniqlo.com/tw/zh_TW/product-detail.html?productCode=u0000000051289
上衣,繞頸削肩BRATOP坦克背心 470939,390,790,https://www.uniqlo.com/tw/hmall/test/u0000000050653/main/first/561/1.jpg,https://www.uniqlo.com/tw/zh_TW/product-detail.html?productCode=u0000000050653
上衣,繞頸削肩BRATOP坦克背心(條紋),390,790,https://www.uniqlo.com/tw/hmall/test/u0000000050620/main/first/561/1.jpg,https://www.uniqlo.com/tw/zh_TW/product-detail.html?productCode=u0000000050620
上衣,露背繞頸BRATOP背心,390,790,https://www.uniqlo.com/tw/hmall/test/u0000000051283/main/first/561/1.jpg,https://www.uniqlo.com/tw/zh_TW/product-detail.html?productCode=u0000000051283
上衣,牛津條紋寬版襯衫(長袖),590,790,https://www.uniqlo.com/tw/hmall/test/u0000000052253/main/first/561/1.jpg,https://www.uniqlo.com/tw/zh_TW/product-detail.html?productCode=u0000000052253
上衣,府綢寬版襯衫(長袖),990,1290,https://www.uniqlo.com/tw/hmall/test/u0000000053611/main/first/561/1.jpg,https://www.uniqlo.com/tw/zh_TW/product-detail.html?productCode=u0000000053611
上衣,牛津格紋寬版襯衫(長袖),590,790,https://www.uniqlo.com/tw/hmall/test/u0000000053150/main/first/561/1.jpg,https://www.uniqlo.com/tw/zh_TW/product-detail.html?productCode=u0000000053150
上衣,特級亞麻襯衫(長袖),990,1290,https://www.uniqlo.com/tw/hmall/test/u0000000053986/main/first/561/1.jpg,https://www.uniqlo.com/tw/zh_TW/product-detail.html?productCode=u0000000053986
上衣,特級亞麻條紋襯衫(長袖),990,1290,https://www.uniqlo.com/tw/hmall/test/u0000000050642/main/first/561/1.jpg,https://www.uniqlo.com/tw/zh_TW/product-detail.html?productCode=u0000000050642
上衣,府綢寬版襯衫(長袖)(條紋),790,1290,https://www.uniqlo.com/tw/hmall/test/u0000000050462/main/first/561/1.jpg,https://www.uniqlo.com/tw/zh_TW/product-detail.html?productCode=u0000000050462
上衣,輕型棉質抓皺上衣,590,790,https://www.uniqlo.com/tw/hmall/test/u0000000053454/main/first/561/1.jpg,https://www.uniqlo.com/tw/zh_TW/product-detail.html?productCode=u0000000053454
上衣,法蘭絨襯衫(長袖/格紋),390,990,https://www.uniqlo.com/tw/hmall/test/u0000000052002/main/first/561/1.jpg,https://www.uniqlo.com/tw/zh_TW/product-detail.html?productCode=u0000000052002
上衣,嫘縈條紋開領上衣(七分袖),490,790,https://www.uniqlo.com/tw/hmall/test/u0000000051590/main/first/561/1.jpg,https://www.uniqlo.com/tw/zh_TW/product-detail.html?productCode=u0000000051590
上衣,嫘縈開領上衣(七分袖),490,790,https://www.uniqlo.com/tw/hmall/test/u0000000053544/main/first/561/1.jpg,https://www.uniqlo.com/tw/zh_TW/product-detail.html?productCode=u0000000053544
上衣,棉麻襯衫(短袖),590,990,https://www.uniqlo.com/tw/hmall/test/u0000000050699/main/first/561/1.jpg,https://www.uniqlo.com/tw/zh_TW/product-detail.html?productCode=u0000000050699
上衣,木代爾棉質開領襯衫(短袖) 464938,590,990,https://www.uniqlo.com/tw/hmall/test/u0000000050533/main/first/561/1.jpg,https://www.uniqlo.com/tw/zh_TW/product-detail.html?productCode=u0000000050533
上衣,府綢寬版襯衫(短袖),590,990,https://www.uniqlo.com/tw/hmall/test/u0000000051150/main/first/561/1.jpg,https://www.uniqlo.com/tw/zh_TW/product-detail.html?productCode=u0000000051150
上衣,府綢寬版襯衫(短袖)(條紋),590,990,https://www.uniqlo.com/tw/hmall/test/u0000000051146/main/first/561/1.jpg,https://www.uniqlo.com/tw/zh_TW/product-detail.html?productCode=u0000000051146
褲子,寬版牛仔褲,990,1290,https://www.uniqlo.com/tw/hmall/test/u0000000053495/main/first/561/1.jpg,https://www.uniqlo.com/tw/zh_TW/product-detail.html?productCode=u0000000053495
褲子,喇叭牛仔褲,790,1290,https://www.uniqlo.com/tw/hmall/test/u0000000052762/main/first/561/1.jpg,https://www.uniqlo.com/tw/zh_TW/product-detail.html?productCode=u0000000052762
褲子,直筒牛仔寬褲(稍長) 479001,490,1290,https://www.uniqlo.com/tw/hmall/test/u0000000050292/main/first/561/1.jpg,https://www.uniqlo.com/tw/zh_TW/product-detail.html?productCode=u0000000050292
褲子,長褲,990,1290,https://www.uniqlo.com/tw/hmall/test/u0000000053753/main/first/561/1.jpg,https://www.uniqlo.com/tw/zh_TW/product-detail.html?productCode=u0000000053753
褲子,特級彈性Active束口褲,590,790,https://www.uniqlo.com/tw/hmall/test/u0000000053978/main/first/561/1.jpg,https://www.uniqlo.com/tw/zh_TW/product-detail.html?productCode=u0000000053978
褲子,直筒牛仔寬褲 480742,490,1290,https://www.uniqlo.com/tw/hmall/test/u0000000050276/main/first/561/1.jpg,https://www.uniqlo.com/tw/zh_TW/product-detail.html?productCode=u0000000050276
褲子,亞麻混紡寬褲,990,1290,https://www.uniqlo.com/tw/hmall/test/u0000000053823/main/first/561/1.jpg,https://www.uniqlo.com/tw/zh_TW/product-detail.html?productCode=u0000000053823
褲子,休閒寬褲(褲腳抽繩),790,1290,https://www.uniqlo.com/tw/hmall/test/u0000000054044/main/first/561/1.jpg,https://www.uniqlo.com/tw/zh_TW/product-detail.html?productCode=u0000000054044
褲子,保暖彈性長褲,790,1490,https://www.uniqlo.com/tw/hmall/test/u0000000052336/main/first/561/1.jpg,https://www.uniqlo.com/tw/zh_TW/product-detail.html?productCode=u0000000052336
褲子,絨面寬褲,590,1290,https://www.uniqlo.com/tw/hmall/test/u0000000052331/main/first/561/1.jpg,https://www.uniqlo.com/tw/zh_TW/product-detail.html?productCode=u0000000052331
褲子,直筒牛仔寬褲(稍長),390,1290,https://www.uniqlo.com/tw/hmall/test/u0000000054070/main/first/561/1.jpg,https://www.uniqlo.com/tw/zh_TW/product-detail.html?productCode=u0000000054070
褲子,休閒寬褲 479620,490,790,https://www.uniqlo.com/tw/hmall/test/u0000000050611/main/first/561/1.jpg,https://www.uniqlo.com/tw/zh_TW/product-detail.html?productCode=u0000000050611
褲子,燈芯絨繭型褲,590,1290,https://www.uniqlo.com/tw/hmall/test/u0000000052362/main/first/561/1.jpg,https://www.uniqlo.com/tw/zh_TW/product-detail.html?productCode=u0000000052362
褲子,SMART 喇叭褲,390,990,https://www.uniqlo.com/tw/hmall/test/u0000000051950/main/first/561/1.jpg,https://www.uniqlo.com/tw/zh_TW/product-detail.html?productCode=u0000000051950
褲子,防潑水多口袋機能長褲,990,1290,https://www.uniqlo.com/tw/hmall/test/u0000000054066/main/first/561/1.jpg,https://www.uniqlo.com/tw/zh_TW/product-detail.html?productCode=u0000000054066
褲子,孕婦包腹特級彈性牛仔緊身褲 473651 / 472124,390,1290,https://www.uniqlo.com/tw/hmall/test/u0000000051694/main/first/561/1.jpg,https://www.uniqlo.com/tw/zh_TW/product-detail.html?productCode=u0000000051694
褲子,特級彈性緊身褲,390,790,https://www.uniqlo.com/tw/hmall/test/u0000000053233/main/first/561/1.jpg,https://www.uniqlo.com/tw/zh_TW/product-detail.html?productCode=u0000000053233
褲子,AIRism柔軟羅紋喇叭緊身褲,290,790,https://www.uniqlo.com/tw/hmall/test/u0000000050984/main/first/561/1.jpg,https://www.uniqlo.com/tw/zh_TW/product-detail.html?productCode=u0000000050984
褲子,亞麻混紡連身褲,1490,1690,https://www.uniqlo.com/tw/hmall/test/u0000000053809/main/first/561/1.jpg,https://www.uniqlo.com/tw/zh_TW/product-detail.html?productCode=u0000000053809
褲子,彈性長褲,590,790,https://www.uniqlo.com/tw/hmall/test/u0000000052743/main/first/561/1.jpg,https://www.uniqlo.com/tw/zh_TW/product-detail.html?productCode=u0000000052743
上衣,可機洗針織羅紋長褲 478847 / 473802,590,790,https://www.uniqlo.com/tw/hmall/test/u0000000052955/main/first/561/1.jpg,https://www.uniqlo.com/tw/zh_TW/product-detail.html?productCode=u0000000052955
褲子,SMART 九分褲 479298,590,990,https://www.uniqlo.com/tw/hmall/test/u0000000053929/main/first/561/1.jpg,https://www.uniqlo.com/tw/zh_TW/product-detail.html?productCode=u0000000053929
褲子,SMART 九分褲,390,990,https://www.uniqlo.com/tw/hmall/test/u0000000052619/main/first/561/1.jpg,https://www.uniqlo.com/tw/zh_TW/product-detail.html?productCode=u0000000052619
褲子,SMART 九分褲(稍長),590,990,https://www.uniqlo.com/tw/hmall/test/u0000000053928/main/first/561/1.jpg,https://www.uniqlo.com/tw/zh_TW/product-detail.html?productCode=u0000000053928
褲子,棉質舒適九分褲 478846,490,790,https://www.uniqlo.com/tw/hmall/test/u0000000050193/main/first/561/1.jpg,https://www.uniqlo.com/tw/zh_TW/product-detail.html?productCode=u0000000050193
褲子,棉質舒適九分褲(條紋),490,790,https://www.uniqlo.com/tw/hmall/test/u0000000051853/main/first/561/1.jpg,https://www.uniqlo.com/tw/zh_TW/product-detail.html?productCode=u0000000051853
褲子,棉質舒適九分褲,490,790,https://www.uniqlo.com/tw/hmall/test/u0000000053985/main/first/561/1.jpg,https://www.uniqlo.com/tw/zh_TW/product-detail.html?productCode=u0000000053985
褲子,特級彈性短褲,490,990,https://www.uniqlo.com/tw/hmall/test/u0000000050917/main/first/561/1.jpg,https://www.uniqlo.com/tw/zh_TW/product-detail.html?productCode=u0000000050917
褲子,棉質短褲,390,590,https://www.uniqlo.com/tw/hmall/test/u0000000050639/main/first/561/1.jpg,https://www.uniqlo.com/tw/zh_TW/product-detail.html?productCode=u0000000050639
褲子,棉質短褲(牛仔),390,590,https://www.uniqlo.com/tw/hmall/test/u0000000050650/main/first/561/1.jpg,https://www.uniqlo.com/tw/zh_TW/product-detail.html?productCode=u0000000050650
褲子,垂墜風短褲(葉子),390,590,https://www.uniqlo.com/tw/hmall/test/u0000000051242/main/first/561/1.jpg,https://www.uniqlo.com/tw/zh_TW/product-detail.html?productCode=u0000000051242
洋裝,棉質澎袖洋裝,990,1290,https://www.uniqlo.com/tw/hmall/test/u0000000053624/main/first/561/1.jpg,https://www.uniqlo.com/tw/zh_TW/product-detail.html?productCode=u0000000053624
上衣,開領牛津襯衫式洋裝,990,1290,https://www.uniqlo.com/tw/hmall/test/u0000000053378/main/first/561/1.jpg,https://www.uniqlo.com/tw/zh_TW/product-detail.html?productCode=u0000000053378
上衣,可機洗針織羅紋BRATOP洋裝(無袖),590,990,https://www.uniqlo.com/tw/hmall/test/u0000000051836/main/first/561/1.jpg,https://www.uniqlo.com/tw/zh_TW/product-detail.html?productCode=u0000000051836
上衣,針織短洋裝,790,1290,https://www.uniqlo.com/tw/hmall/test/u0000000052197/main/first/561/1.jpg,https://www.uniqlo.com/tw/zh_TW/product-detail.html?productCode=u0000000052197
洋裝,削肩BRATOP洋裝(無袖)(條紋),590,990,https://www.uniqlo.com/tw/hmall/test/u0000000050930/main/first/561/1.jpg,https://www.uniqlo.com/tw/zh_TW/product-detail.html?productCode=u0000000050930
洋裝,美型耐皺紗POLO短洋裝(短袖),390,990,https://www.uniqlo.com/tw/hmall/test/u0000000051578/main/first/561/1.jpg,https://www.uniqlo.com/tw/zh_TW/product-detail.html?productCode=u0000000051578
裙子,可機洗米蘭羅紋裙,590,1290,https://www.uniqlo.com/tw/hmall/test/u0000000053577/main/first/561/1.jpg,https://www.uniqlo.com/tw/zh_TW/product-detail.html?productCode=u0000000053577
裙子,魚尾長裙(印花),590,990,https://www.uniqlo.com/tw/hmall/test/u0000000053096/main/first/561/1.jpg,https://www.uniqlo.com/tw/zh_TW/product-detail.html?productCode=u0000000053096
裙子,3D織法羅紋長裙,1290,1490,https://www.uniqlo.com/tw/hmall/test/u0000000053621/main/first/561/1.jpg,https://www.uniqlo.com/tw/zh_TW/product-detail.html?productCode=u0000000053621
裙子,魚尾長裙,590,990,https://www.uniqlo.com/tw/hmall/test/u0000000053099/main/first/561/1.jpg,https://www.uniqlo.com/tw/zh_TW/product-detail.html?productCode=u0000000053099
裙子,燈芯絨短裙,490,1290,https://www.uniqlo.com/tw/hmall/test/u0000000052479/main/first/561/1.jpg,https://www.uniqlo.com/tw/zh_TW/product-detail.html?productCode=u0000000052479
裙子,可機洗米蘭羅紋寬襬裙,590,990,https://www.uniqlo.com/tw/hmall/test/u0000000051527/main/first/561/1.jpg,https://www.uniqlo.com/tw/zh_TW/product-detail.html?productCode=u0000000051527
上衣,HEATTECH極暖 喀什米爾混紡圓領T恤(長袖),490,690,https://www.uniqlo.com/tw/hmall/test/u0000000053990/main/first/561/1.jpg,https://www.uniqlo.com/tw/zh_TW/product-detail.html?productCode=u0000000053990
上衣,HEATTECH U領T恤(8分袖) 478934 / 460349 / 472364,390,490,https://www.uniqlo.com/tw/hmall/test/u0000000020076/main/first/561/1.jpg,https://www.uniqlo.com/tw/zh_TW/product-detail.html?productCode=u0000000020076
上衣,HEATTECH極暖 喀什米爾混紡高領T恤(長袖),490,690,https://www.uniqlo.com/tw/hmall/test/u0000000053971/main/first/561/1.jpg,https://www.uniqlo.com/tw/zh_TW/product-detail.html?productCode=u0000000053971
褲子,AIRism超無痕內褲(低腰),99,190,https://www.uniqlo.com/tw/hmall/test/u0000000054032/main/first/561/1.jpg,https://www.uniqlo.com/tw/zh_TW/product-detail.html?productCode=u0000000054032
其他,無鋼圈美型胸罩(裸感舒適),590,790,https://www.uniqlo.com/tw/hmall/test/u0000000054046/main/first/561/1.jpg,https://www.uniqlo.com/tw/zh_TW/product-detail.html?productCode=u0000000054046
上衣,透膚網眼T恤(長袖),490,590,https://www.uniqlo.com/tw/hmall/test/u0000000053407/main/first/561/1.jpg,https://www.uniqlo.com/tw/zh_TW/product-detail.html?productCode=u0000000053407
其他,無鋼圈美型胸罩(3D包覆),390,790,https://www.uniqlo.com/tw/hmall/test/u0000000054031/main/first/561/1.jpg,https://www.uniqlo.com/tw/zh_TW/product-detail.html?productCode=u0000000054031
上衣,HEATTECH 圓領T恤(長袖) 469742,390,490,https://www.uniqlo.com/tw/hmall/test/u0000000053848/main/first/561/1.jpg,https://www.uniqlo.com/tw/zh_TW/product-detail.html?productCode=u0000000053848
褲子,中腰內褲(櫻桃),99,190,https://www.uniqlo.com/tw/hmall/test/u0000000051943/main/first/561/1.jpg,https://www.uniqlo.com/tw/zh_TW/product-detail.html?productCode=u0000000051943
上衣,HEATTECH超極暖圓領T恤(長袖) 469756,590,890,https://www.uniqlo.com/tw/hmall/test/u0000000054048/main/first/561/1.jpg,https://www.uniqlo.com/tw/zh_TW/product-detail.html?productCode=u0000000054048
褲子,低腰內褲,99,190,https://www.uniqlo.com/tw/hmall/test/u0000000053358/main/first/561/1.jpg,https://www.uniqlo.com/tw/zh_TW/product-detail.html?productCode=u0000000053358
其他,無鋼圈美型網眼胸罩(3D包覆) 476139,390,790,https://www.uniqlo.com/tw/hmall/test/u0000000051570/main/first/561/1.jpg,https://www.uniqlo.com/tw/zh_TW/product-detail.html?productCode=u0000000051570
褲子,低腰內褲(星星),99,190,https://www.uniqlo.com/tw/hmall/test/u0000000051957/main/first/561/1.jpg,https://www.uniqlo.com/tw/zh_TW/product-detail.html?productCode=u0000000051957
其他,無鋼圈美型胸罩(運動) 475629,390,790,https://www.uniqlo.com/tw/hmall/test/u0000000050148/main/first/561/1.jpg,https://www.uniqlo.com/tw/zh_TW/product-detail.html?productCode=u0000000050148
上衣,HEATTECH棉質極暖圓領T恤(長袖) 469751,490,690,https://www.uniqlo.com/tw/hmall/test/u0000000054047/main/first/561/1.jpg,https://www.uniqlo.com/tw/zh_TW/product-detail.html?productCode=u0000000054047
褲子,低腰內褲(鳥),99,190,https://www.uniqlo.com/tw/hmall/test/u0000000051930/main/first/561/1.jpg,https://www.uniqlo.com/tw/zh_TW/product-detail.html?productCode=u0000000051930
褲子,低腰內褲(條紋),99,190,https://www.uniqlo.com/tw/hmall/test/u0000000051961/main/first/561/1.jpg,https://www.uniqlo.com/tw/zh_TW/product-detail.html?productCode=u0000000051961
其他,特級彈性休閒服組(長袖),790,1290,https://www.uniqlo.com/tw/hmall/test/u0000000053284/main/first/561/1.jpg,https://www.uniqlo.com/tw/zh_TW/product-detail.html?productCode=u0000000053284
其他,特級彈性休閒服組(條紋)(長袖),790,1290,https://www.uniqlo.com/tw/hmall/test/u0000000053100/main/first/561/1.jpg,https://www.uniqlo.com/tw/zh_TW/product-detail.html?productCode=u0000000053100
其他,運動鞋,590,1990,https://www.uniqlo.com/tw/hmall/test/u0000000052585/main/first/561/1.jpg,https://www.uniqlo.com/tw/zh_TW/product-detail.html?productCode=u0000000052585
其他,捲蓋後背包,1290,1490,https://www.uniqlo.com/tw/hmall/test/u0000000053754/main/first/561/1.jpg,https://www.uniqlo.com/tw/zh_TW/product-detail.html?productCode=u0000000053754
其他,方頭平底鞋,990,1290,https://www.uniqlo.com/tw/hmall/test/u0000000053623/main/first/561/1.jpg,https://www.uniqlo.com/tw/zh_TW/product-detail.html?productCode=u0000000053623
其他,麂皮拼接休閒鞋,590,1490,https://www.uniqlo.com/tw/hmall/test/u0000000050714/main/first/561/1.jpg,https://www.uniqlo.com/tw/zh_TW/product-detail.html?productCode=u0000000050714
其他,拼接休閒鞋,1290,1490,https://www.uniqlo.com/tw/hmall/test/u0000000054037/main/first/561/1.jpg,https://www.uniqlo.com/tw/zh_TW/product-detail.html?productCode=u0000000054037
上衣,Tamagotchi UT印花T恤(短袖),290,490,https://www.uniqlo.com/tw/hmall/test/u0000000052716/main/first/561/1.jpg,https://www.uniqlo.com/tw/zh_TW/product-detail.html?productCode=u0000000052716
上衣,PEANUTS UT印花T恤(短袖),290,490,https://www.uniqlo.com/tw/hmall/test/u0000000051879/main/first/561/1.jpg,https://www.uniqlo.com/tw/zh_TW/product-detail.html?productCode=u0000000051879
上衣,泡泡瑪特 UT印花T恤(短袖),290,490,https://www.uniqlo.com/tw/hmall/test/u0000000051894/main/first/561/1.jpg,https://www.uniqlo.com/tw/zh_TW/product-detail.html?productCode=u0000000051894
上衣,TOY STORY UT印花T恤(短袖),290,490,https://www.uniqlo.com/tw/hmall/test/u0000000051682/main/first/561/1.jpg,https://www.uniqlo.com/tw/zh_TW/product-detail.html?productCode=u0000000051682
上衣,MAGIC FOR ALL TIMELESS UT印花T恤(短袖),290,490,https://www.uniqlo.com/tw/hmall/test/u0000000051810/main/first/561/1.jpg,https://www.uniqlo.com/tw/zh_TW/product-detail.html?productCode=u0000000051810
上衣,WARNER BROS. MOVIES UT印花T恤(短袖),290,490,https://www.uniqlo.com/tw/hmall/test/u0000000052157/main/first/561/1.jpg,https://www.uniqlo.com/tw/zh_TW/product-detail.html?productCode=u0000000052157
上衣,The Brands UT印花T恤(短袖),290,490,https://www.uniqlo.com/tw/hmall/test/u0000000051719/main/first/561/1.jpg,https://www.uniqlo.com/tw/zh_TW/product-detail.html?productCode=u0000000051719
上衣,WAGARA(Animals) UT印花T恤(短袖),290,490,https://www.uniqlo.com/tw/hmall/test/u0000000051693/main/first/561/1.jpg,https://www.uniqlo.com/tw/zh_TW/product-detail.html?productCode=u0000000051693
上衣,Mickey&Friends Sports UT印花T恤(短袖),290,490,https://www.uniqlo.com/tw/hmall/test/u0000000051491/main/first/561/1.jpg,https://www.uniqlo.com/tw/zh_TW/product-detail.html?productCode=u0000000051491
